10.1.1.88.1359.body,10.1.1.89.9207.body
10.1.1.108.8478.body,10.1.1.1.2490.body
10.1.1.59.5519.body,10.1.1.121.7316.body
10.1.1.5.932.body,10.1.1.3.2533.body
10.1.1.178.4340.body,10.1.1.169.2573.body
10.1.1.112.3446.body,10.1.1.76.2175.body
10.1.1.77.5470.body,10.1.1.142.1306.body
10.1.1.212.3815.body,10.1.1.212.1256.body
10.1.1.43.8609.body,10.1.1.33.4973.body
10.1.1.129.8583.body,10.1.1.227.7452.body
10.1.1.74.4531.body,10.1.1.26.4045.body
10.1.1.168.8.body,10.1.1.180.1751.body
10.1.1.38.3573.body,10.1.1.20.8918.body
10.1.1.16.1973.body,10.1.1.64.7442.body
10.1.1.187.7534.body,10.1.1.182.1598.body
10.1.1.128.4185.body,10.1.1.129.1554.body
10.1.1.67.9544.body,10.1.1.112.5553.body
10.1.1.32.8484.body,10.1.1.1.9247.body
10.1.1.6.285.body,10.1.1.119.9102.body
10.1.1.121.8750.body,10.1.1.98.4162.body
10.1.1.87.9361.body,10.1.1.139.2637.body
10.1.1.39.6147.body,10.1.1.49.2865.body
10.1.1.63.2502.body,10.1.1.81.4430.body
10.1.1.54.2933.body,10.1.1.40.2308.body
10.1.1.134.1032.body,10.1.1.87.9006.body
10.1.1.96.4674.body,10.1.1.18.487.body
10.1.1.74.1763.body,10.1.1.40.5428.body
10.1.1.212.353.body,10.1.1.147.3328.body
10.1.1.80.2858.body,10.1.1.73.7192.body
10.1.1.73.3144.body,10.1.1.40.4852.body
10.1.1.194.2559.body,10.1.1.194.2545.body
10.1.1.177.8464.body,10.1.1.177.8388.body
10.1.1.93.7066.body,10.1.1.153.7053.body
10.1.1.221.7572.body,10.1.1.169.2388.body
10.1.1.111.9945.body,10.1.1.146.4368.body
10.1.1.52.2486.body,10.1.1.5.4182.body
10.1.1.36.4161.body,10.1.1.36.5906.body
10.1.1.2.3165.body,10.1.1.56.3828.body
10.1.1.79.4446.body,10.1.1.129.3184.body
10.1.1.212.8645.body,10.1.1.102.2680.body
10.1.1.129.8583.body,10.1.1.227.7452.body
10.1.1.155.498.body,10.1.1.6.1860.body
10.1.1.15.8598.body,10.1.1.80.5309.body
10.1.1.118.9528.body,10.1.1.111.1618.body
10.1.1.177.6724.body,10.1.1.170.3460.body
10.1.1.16.493.body,10.1.1.16.2219.body
10.1.1.96.9361.body,10.1.1.1.5567.body
10.1.1.228.8436.body,10.1.1.219.5099.body
10.1.1.231.8651.body,10.1.1.229.1053.body
10.1.1.49.5558.body,10.1.1.4.1954.body
10.1.1.1.8647.body,10.1.1.71.3651.body
10.1.1.226.8283.body,10.1.1.224.5470.body
10.1.1.172.9216.body,10.1.1.172.9312.body
10.1.1.90.6865.body,10.1.1.63.7017.body
10.1.1.187.4658.body,10.1.1.183.64.body
10.1.1.170.8142.body,10.1.1.169.3189.body
10.1.1.38.1107.body,10.1.1.139.5197.body
10.1.1.48.930.body,10.1.1.49.1559.body
10.1.1.147.1024.body,10.1.1.83.5547.body
10.1.1.111.9945.body,10.1.1.146.4368.body
10.1.1.207.5636.body,10.1.1.224.6866.body
10.1.1.65.5825.body,10.1.1.68.9507.body
10.1.1.84.497.body,10.1.1.100.6547.body
10.1.1.178.2162.body,10.1.1.204.1518.body
10.1.1.77.8783.body,10.1.1.138.4254.body
10.1.1.73.5079.body,10.1.1.64.1303.body
10.1.1.74.2368.body,10.1.1.13.9903.body
10.1.1.167.1514.body,10.1.1.183.9194.body
10.1.1.26.3390.body,10.1.1.54.1855.body
10.1.1.85.5694.body,10.1.1.112.2448.body
10.1.1.59.6201.body,10.1.1.87.7740.body
10.1.1.165.4526.body,10.1.1.180.2178.body
10.1.1.172.9216.body,10.1.1.172.9312.body
10.1.1.208.4638.body,10.1.1.216.225.body
10.1.1.169.8566.body,10.1.1.186.1251.body
10.1.1.144.649.body,10.1.1.113.5719.body
10.1.1.180.9027.body,10.1.1.180.8177.body
10.1.1.147.3014.body,10.1.1.219.6360.body
10.1.1.133.4474.body,10.1.1.38.1982.body
10.1.1.112.9738.body,10.1.1.83.7499.body
10.1.1.53.3337.body,10.1.1.31.6660.body
10.1.1.212.8645.body,10.1.1.102.2680.body
10.1.1.69.8113.body,10.1.1.69.7312.body
10.1.1.224.3770.body,10.1.1.224.1983.body
10.1.1.21.4673.body,10.1.1.49.7849.body
10.1.1.50.2773.body,10.1.1.14.6482.body
10.1.1.164.2486.body,10.1.1.190.9025.body
10.1.1.165.9793.body,10.1.1.207.214.body
10.1.1.211.7178.body,10.1.1.133.6667.body
10.1.1.167.215.body,10.1.1.174.1952.body
10.1.1.20.4800.body,10.1.1.15.6066.body
10.1.1.227.9357.body,10.1.1.59.3464.body
10.1.1.13.619.body,10.1.1.16.5136.body
10.1.1.147.3363.body,10.1.1.22.6188.body
10.1.1.46.8264.body,10.1.1.46.7869.body
10.1.1.56.4045.body,10.1.1.29.9108.body
10.1.1.32.7028.body,10.1.1.55.8210.body
10.1.1.169.9186.body,10.1.1.186.7557.body
10.1.1.135.4777.body,10.1.1.104.4380.body
10.1.1.24.6252.body,10.1.1.135.8369.body
10.1.1.16.8449.body,10.1.1.21.7402.body
10.1.1.59.9133.body,10.1.1.75.4229.body
10.1.1.32.7028.body,10.1.1.55.8210.body
10.1.1.8.817.body,10.1.1.30.9381.body
10.1.1.176.4946.body,10.1.1.185.2397.body
10.1.1.25.5401.body,10.1.1.41.5224.body
10.1.1.35.8103.body,10.1.1.35.6788.body
10.1.1.16.1973.body,10.1.1.64.7442.body
10.1.1.165.9117.body,10.1.1.180.8177.body
10.1.1.116.1182.body,10.1.1.129.6712.body
10.1.1.172.5408.body,10.1.1.187.7185.body
10.1.1.87.2959.body,10.1.1.163.3290.body
10.1.1.117.5978.body,10.1.1.80.6347.body
10.1.1.21.5977.body,10.1.1.58.6683.body
10.1.1.74.3296.body,10.1.1.81.6408.body
10.1.1.38.3573.body,10.1.1.20.8918.body
10.1.1.138.7886.body,10.1.1.164.3234.body
10.1.1.190.2303.body,10.1.1.173.8454.body
10.1.1.6.285.body,10.1.1.119.9102.body
10.1.1.25.5401.body,10.1.1.41.5224.body
10.1.1.93.4031.body,10.1.1.7.4123.body
10.1.1.205.3959.body,10.1.1.183.64.body
10.1.1.116.1182.body,10.1.1.129.6712.body
10.1.1.187.7534.body,10.1.1.172.5408.body
10.1.1.138.1117.body,10.1.1.117.3806.body
10.1.1.178.4340.body,10.1.1.169.2573.body
10.1.1.105.3558.body,10.1.1.131.559.body
10.1.1.112.1050.body,10.1.1.122.1668.body
10.1.1.169.8566.body,10.1.1.186.1251.body
10.1.1.170.7249.body,10.1.1.178.9381.body
10.1.1.167.1514.body,10.1.1.183.9194.body
10.1.1.104.611.body,10.1.1.122.8989.body
10.1.1.169.9186.body,10.1.1.186.7557.body
10.1.1.190.6952.body,10.1.1.183.8111.body
10.1.1.155.477.body,10.1.1.216.977.body
10.1.1.35.6545.body,10.1.1.1.4174.body
10.1.1.111.3397.body,10.1.1.115.5442.body
10.1.1.172.5408.body,10.1.1.182.1598.body
10.1.1.1.9330.body,10.1.1.19.2460.body
10.1.1.20.9835.body,10.1.1.5.7843.body
10.1.1.190.6279.body,10.1.1.183.7499.body
10.1.1.15.2559.body,10.1.1.63.2506.body
10.1.1.147.3931.body,10.1.1.18.1665.body
10.1.1.44.4010.body,10.1.1.51.7088.body
10.1.1.42.5336.body,10.1.1.30.2363.body
10.1.1.110.2611.body,10.1.1.142.3928.body
10.1.1.175.7787.body,10.1.1.175.9170.body
10.1.1.23.8510.body,10.1.1.111.4196.body
10.1.1.217.119.body,10.1.1.216.8506.body
10.1.1.22.3739.body,10.1.1.23.8906.body
10.1.1.228.8436.body,10.1.1.219.5099.body
10.1.1.59.7332.body,10.1.1.60.5900.body
10.1.1.28.5031.body,10.1.1.22.741.body
10.1.1.14.8651.body,10.1.1.73.7467.body
10.1.1.66.2129.body,10.1.1.66.3692.body
10.1.1.144.7257.body,10.1.1.44.641.body
10.1.1.190.3312.body,10.1.1.121.6311.body
10.1.1.141.193.body,10.1.1.142.3479.body
10.1.1.118.9528.body,10.1.1.111.1618.body
10.1.1.187.9582.body,10.1.1.188.8583.body
10.1.1.116.4564.body,10.1.1.120.6524.body
10.1.1.141.7968.body,10.1.1.154.6270.body
10.1.1.15.266.body,10.1.1.97.9144.body
10.1.1.85.9375.body,10.1.1.71.2130.body
10.1.1.103.4081.body,10.1.1.36.6331.body
10.1.1.41.3037.body,10.1.1.186.3782.body
10.1.1.207.5636.body,10.1.1.224.6866.body
10.1.1.72.7133.body,10.1.1.34.2039.body
10.1.1.123.452.body,10.1.1.21.9226.body
10.1.1.31.4024.body,10.1.1.63.3138.body
10.1.1.38.6121.body,10.1.1.25.6221.body
10.1.1.10.8604.body,10.1.1.78.7325.body
10.1.1.192.4038.body,10.1.1.46.6466.body
10.1.1.139.7591.body,10.1.1.139.9884.body
10.1.1.11.9004.body,10.1.1.4.1254.body
10.1.1.52.2810.body,10.1.1.31.5488.body
10.1.1.145.7164.body,10.1.1.220.234.body
10.1.1.163.1678.body,10.1.1.145.3592.body
10.1.1.16.1973.body,10.1.1.64.7442.body
10.1.1.76.5251.body,10.1.1.40.4535.body
10.1.1.147.311.body,10.1.1.227.6950.body
10.1.1.138.1549.body,10.1.1.121.9958.body
10.1.1.65.3765.body,10.1.1.81.1567.body
10.1.1.183.5765.body,10.1.1.183.7905.body
10.1.1.218.5816.body,10.1.1.212.1305.body
10.1.1.81.7810.body,10.1.1.79.6953.body
10.1.1.49.565.body,10.1.1.28.5387.body
10.1.1.147.5180.body,10.1.1.141.3018.body
10.1.1.187.6602.body,10.1.1.187.2690.body
10.1.1.148.2577.body,10.1.1.133.788.body
10.1.1.107.4781.body,10.1.1.43.9196.body
10.1.1.114.4368.body,10.1.1.79.838.body
10.1.1.114.4368.body,10.1.1.79.838.body
10.1.1.81.1247.body,10.1.1.128.9063.body
10.1.1.32.7861.body,10.1.1.64.349.body
10.1.1.111.9945.body,10.1.1.146.4368.body
10.1.1.205.3718.body,10.1.1.141.5540.body
10.1.1.74.3296.body,10.1.1.81.6408.body
10.1.1.211.6928.body,10.1.1.219.4963.body
10.1.1.45.8831.body,10.1.1.51.8438.body
10.1.1.149.8326.body,10.1.1.164.217.body
10.1.1.178.1853.body,10.1.1.183.167.body
10.1.1.170.3227.body,10.1.1.180.1060.body
10.1.1.123.3301.body,10.1.1.174.5921.body
10.1.1.159.3409.body,10.1.1.186.7519.body
10.1.1.143.7564.body,10.1.1.210.4195.body
10.1.1.167.1514.body,10.1.1.183.9194.body
10.1.1.168.8.body,10.1.1.180.1751.body
10.1.1.12.409.body,10.1.1.12.1084.body
10.1.1.150.2865.body,10.1.1.218.7681.body
10.1.1.32.5901.body,10.1.1.99.6904.body
10.1.1.72.3163.body,10.1.1.72.3461.body
10.1.1.167.1514.body,10.1.1.190.6013.body
10.1.1.64.641.body,10.1.1.13.7597.body
10.1.1.101.1032.body,10.1.1.30.5913.body
10.1.1.155.498.body,10.1.1.6.1860.body
10.1.1.78.9124.body,10.1.1.165.1151.body
10.1.1.73.9101.body,10.1.1.80.4504.body
10.1.1.165.6135.body,10.1.1.63.8929.body
10.1.1.210.5560.body,10.1.1.210.5731.body
10.1.1.138.7886.body,10.1.1.164.3234.body
10.1.1.169.6422.body,10.1.1.172.2644.body
10.1.1.74.3044.body,10.1.1.133.6667.body
10.1.1.45.4313.body,10.1.1.45.6507.body
10.1.1.40.7389.body,10.1.1.45.1315.body
10.1.1.113.7513.body,10.1.1.93.478.body
10.1.1.44.9058.body,10.1.1.21.2382.body
10.1.1.44.2857.body,10.1.1.29.99.body
10.1.1.73.6942.body,10.1.1.4.7825.body
10.1.1.177.641.body,10.1.1.170.7768.body
10.1.1.24.5112.body,10.1.1.26.4934.body
10.1.1.108.8478.body,10.1.1.1.2490.body
10.1.1.131.8899.body,10.1.1.94.7.body
10.1.1.26.5588.body,10.1.1.125.3564.body
10.1.1.190.7193.body,10.1.1.183.8410.body
10.1.1.68.8428.body,10.1.1.172.5544.body
10.1.1.182.1598.body,10.1.1.187.7185.body
10.1.1.116.1182.body,10.1.1.129.6712.body
10.1.1.45.8831.body,10.1.1.51.8438.body
10.1.1.43.8609.body,10.1.1.33.4973.body
10.1.1.2.9400.body,10.1.1.78.1488.body
10.1.1.40.7389.body,10.1.1.45.1315.body
10.1.1.211.7178.body,10.1.1.133.6667.body
10.1.1.175.7787.body,10.1.1.175.9170.body
10.1.1.170.6488.body,10.1.1.221.7060.body
10.1.1.205.3959.body,10.1.1.183.64.body
10.1.1.220.7843.body,10.1.1.150.2217.body
10.1.1.138.1117.body,10.1.1.117.3806.body
10.1.1.211.6928.body,10.1.1.219.4963.body
10.1.1.170.8062.body,10.1.1.178.4839.body
10.1.1.66.7338.body,10.1.1.3.4486.body
10.1.1.226.404.body,10.1.1.227.8515.body
10.1.1.165.8237.body,10.1.1.225.9097.body
10.1.1.64.641.body,10.1.1.13.7597.body
10.1.1.178.4377.body,10.1.1.169.2669.body
10.1.1.33.164.body,10.1.1.23.697.body
10.1.1.104.3108.body,10.1.1.77.2480.body
10.1.1.15.273.body,10.1.1.54.6389.body
10.1.1.177.8464.body,10.1.1.177.8388.body
10.1.1.14.7064.body,10.1.1.71.5737.body
10.1.1.163.1462.body,10.1.1.163.1517.body
10.1.1.23.7215.body,10.1.1.115.3869.body
10.1.1.100.8982.body,10.1.1.212.5243.body
10.1.1.76.2965.body,10.1.1.78.6412.body
10.1.1.43.8921.body,10.1.1.72.4054.body
10.1.1.170.7211.body,10.1.1.178.9490.body
10.1.1.151.7840.body,10.1.1.160.7677.body
10.1.1.159.1642.body,10.1.1.19.5722.body
10.1.1.73.915.body,10.1.1.40.4007.body
10.1.1.55.3287.body,10.1.1.37.2260.body
10.1.1.161.1616.body,10.1.1.180.1847.body
10.1.1.228.8298.body,10.1.1.228.5412.body
10.1.1.28.8872.body,10.1.1.74.3274.body
10.1.1.190.7193.body,10.1.1.183.8410.body
10.1.1.90.6865.body,10.1.1.63.7017.body
10.1.1.32.4894.body,10.1.1.38.6987.body
10.1.1.56.4045.body,10.1.1.29.9108.body
10.1.1.10.8604.body,10.1.1.78.7325.body
10.1.1.51.6359.body,10.1.1.206.1054.body
10.1.1.145.6870.body,10.1.1.140.2908.body
10.1.1.100.2647.body,10.1.1.104.2958.body
10.1.1.36.5454.body,10.1.1.48.1387.body
10.1.1.183.5060.body,10.1.1.183.6327.body
10.1.1.186.2258.body,10.1.1.231.2352.body
10.1.1.145.9743.body,10.1.1.136.8810.body
10.1.1.126.1146.body,10.1.1.124.4029.body
10.1.1.21.6897.body,10.1.1.131.4580.body
10.1.1.84.497.body,10.1.1.100.6547.body
10.1.1.170.8142.body,10.1.1.169.3189.body
10.1.1.54.9972.body,10.1.1.38.4946.body
10.1.1.185.4446.body,10.1.1.188.6479.body
10.1.1.169.9186.body,10.1.1.186.7557.body
10.1.1.193.9150.body,10.1.1.187.388.body
10.1.1.73.5079.body,10.1.1.64.1303.body
10.1.1.188.6840.body,10.1.1.204.8931.body
10.1.1.138.622.body,10.1.1.123.7551.body
10.1.1.31.735.body,10.1.1.49.5842.body
10.1.1.165.6135.body,10.1.1.63.8929.body
10.1.1.140.6887.body,10.1.1.6.624.body
10.1.1.40.1501.body,10.1.1.42.4604.body
10.1.1.118.9528.body,10.1.1.111.1618.body
10.1.1.28.9511.body,10.1.1.117.3285.body
10.1.1.230.1771.body,10.1.1.156.5596.body
10.1.1.148.5759.body,10.1.1.149.700.body
10.1.1.13.4427.body,10.1.1.130.4585.body
10.1.1.138.7886.body,10.1.1.164.3234.body
10.1.1.147.1024.body,10.1.1.83.5547.body
10.1.1.66.5308.body,10.1.1.45.8071.body
10.1.1.58.9190.body,10.1.1.106.430.body
10.1.1.168.6478.body,10.1.1.174.9094.body
10.1.1.105.3558.body,10.1.1.131.559.body
10.1.1.163.1678.body,10.1.1.145.3592.body
10.1.1.207.7915.body,10.1.1.116.8518.body
10.1.1.133.4113.body,10.1.1.2.1307.body
10.1.1.54.1667.body,10.1.1.50.9145.body
10.1.1.144.2304.body,10.1.1.144.1073.body
10.1.1.109.2101.body,10.1.1.14.5983.body
10.1.1.214.249.body,10.1.1.187.3301.body
10.1.1.187.6602.body,10.1.1.187.2690.body
10.1.1.211.9857.body,10.1.1.222.7587.body
10.1.1.73.4626.body,10.1.1.138.245.body
10.1.1.210.1687.body,10.1.1.233.4878.body
10.1.1.167.7301.body,10.1.1.175.3795.body
10.1.1.52.2350.body,10.1.1.123.8845.body
10.1.1.22.3256.body,10.1.1.23.7893.body
10.1.1.13.619.body,10.1.1.16.5136.body
10.1.1.207.1180.body,10.1.1.3.832.body
10.1.1.60.9804.body,10.1.1.60.1268.body
10.1.1.170.7249.body,10.1.1.178.9381.body
10.1.1.22.2354.body,10.1.1.41.871.body
10.1.1.67.2374.body,10.1.1.70.2080.body
10.1.1.163.4923.body,10.1.1.22.1835.body
10.1.1.39.1298.body,10.1.1.31.7685.body
10.1.1.74.4531.body,10.1.1.26.4045.body
10.1.1.161.533.body,10.1.1.64.8428.body
10.1.1.161.1824.body,10.1.1.205.4331.body
10.1.1.44.5598.body,10.1.1.34.9610.body
10.1.1.106.769.body,10.1.1.66.1366.body
10.1.1.175.7787.body,10.1.1.175.9170.body
10.1.1.118.3642.body,10.1.1.69.5620.body
10.1.1.12.409.body,10.1.1.12.1084.body
10.1.1.52.6558.body,10.1.1.34.665.body
10.1.1.170.8062.body,10.1.1.178.4839.body
10.1.1.172.5408.body,10.1.1.182.1598.body
10.1.1.112.816.body,10.1.1.227.1851.body
10.1.1.177.641.body,10.1.1.170.7768.body
10.1.1.141.7968.body,10.1.1.154.6270.body
10.1.1.66.7338.body,10.1.1.3.4486.body
10.1.1.53.4378.body,10.1.1.38.9038.body
10.1.1.65.3765.body,10.1.1.81.1567.body
10.1.1.55.6678.body,10.1.1.35.4594.body
10.1.1.55.3287.body,10.1.1.37.2260.body
10.1.1.126.230.body,10.1.1.163.6762.body
10.1.1.170.7249.body,10.1.1.178.9381.body
10.1.1.187.7185.body,10.1.1.182.1598.body
10.1.1.81.7953.body,10.1.1.115.3130.body
10.1.1.216.9539.body,10.1.1.84.9931.body
10.1.1.120.3110.body,10.1.1.170.5296.body
10.1.1.170.6488.body,10.1.1.221.7060.body
10.1.1.104.9511.body,10.1.1.126.4776.body
10.1.1.55.6678.body,10.1.1.35.4594.body
10.1.1.47.843.body,10.1.1.47.8594.body
10.1.1.32.7861.body,10.1.1.64.349.body
10.1.1.13.619.body,10.1.1.16.5136.body
10.1.1.180.2178.body,10.1.1.165.4526.body
10.1.1.8.817.body,10.1.1.30.9381.body
10.1.1.40.9299.body,10.1.1.68.8931.body
10.1.1.40.1490.body,10.1.1.141.2567.body
10.1.1.80.6347.body,10.1.1.117.5978.body
10.1.1.32.8484.body,10.1.1.1.9247.body
10.1.1.56.4045.body,10.1.1.29.9108.body
10.1.1.227.8515.body,10.1.1.226.404.body
10.1.1.210.3329.body,10.1.1.75.3023.body
10.1.1.105.2500.body,10.1.1.59.6213.body
10.1.1.133.6460.body,10.1.1.86.6095.body
10.1.1.107.4781.body,10.1.1.43.9196.body
10.1.1.39.6147.body,10.1.1.49.2865.body
10.1.1.49.9700.body,10.1.1.47.9075.body
10.1.1.44.8237.body,10.1.1.64.7289.body
10.1.1.81.3129.body,10.1.1.106.6333.body
10.1.1.183.1875.body,10.1.1.14.8976.body
10.1.1.97.5765.body,10.1.1.125.9986.body
10.1.1.43.8921.body,10.1.1.72.4054.body
10.1.1.170.7211.body,10.1.1.178.9490.body
10.1.1.6.1455.body,10.1.1.105.1942.body
10.1.1.45.9371.body,10.1.1.23.9777.body
10.1.1.49.6857.body,10.1.1.51.4463.body
10.1.1.23.7893.body,10.1.1.22.3256.body
10.1.1.148.1807.body,10.1.1.169.19.body
10.1.1.128.4116.body,10.1.1.111.4125.body
10.1.1.54.5535.body,10.1.1.54.8822.body
10.1.1.87.808.body,10.1.1.18.2328.body
10.1.1.65.3765.body,10.1.1.81.1567.body
10.1.1.183.3710.body,10.1.1.190.4394.body
10.1.1.187.6466.body,10.1.1.187.5964.body
10.1.1.224.5470.body,10.1.1.226.8283.body
10.1.1.62.8148.body,10.1.1.137.2115.body
10.1.1.188.5331.body,10.1.1.220.504.body
10.1.1.188.5446.body,10.1.1.184.6246.body
10.1.1.55.9607.body,10.1.1.51.7371.body
10.1.1.39.6147.body,10.1.1.49.2865.body
10.1.1.172.2644.body,10.1.1.169.6422.body
10.1.1.7.9457.body,10.1.1.7.1072.body
10.1.1.51.6399.body,10.1.1.68.8100.body
10.1.1.174.5921.body,10.1.1.123.3301.body
10.1.1.81.3109.body,10.1.1.45.560.body
10.1.1.153.8636.body,10.1.1.153.6743.body
10.1.1.93.6900.body,10.1.1.125.2602.body
10.1.1.78.6911.body,10.1.1.63.7305.body
10.1.1.178.7131.body,10.1.1.180.7663.body
10.1.1.22.2062.body,10.1.1.46.7208.body
10.1.1.227.3172.body,10.1.1.227.4440.body
10.1.1.227.6950.body,10.1.1.147.311.body
10.1.1.124.4029.body,10.1.1.126.1146.body
10.1.1.112.2074.body,10.1.1.100.8313.body
10.1.1.131.559.body,10.1.1.105.3558.body
10.1.1.169.2573.body,10.1.1.178.4340.body
10.1.1.183.7499.body,10.1.1.190.6279.body
10.1.1.22.3739.body,10.1.1.23.8906.body
10.1.1.153.7053.body,10.1.1.93.7066.body
10.1.1.79.7931.body,10.1.1.15.9270.body
10.1.1.218.9310.body,10.1.1.169.3532.body
10.1.1.224.6866.body,10.1.1.207.5636.body
10.1.1.64.8428.body,10.1.1.161.533.body
10.1.1.35.5705.body,10.1.1.5.319.body
10.1.1.150.4164.body,10.1.1.168.1030.body
10.1.1.62.1099.body,10.1.1.113.3824.body
10.1.1.178.4839.body,10.1.1.170.8062.body
10.1.1.103.2905.body,10.1.1.103.5097.body
10.1.1.3.4808.body,10.1.1.3.5198.body
10.1.1.79.46.body,10.1.1.19.4414.body
10.1.1.183.9650.body,10.1.1.184.2855.body
10.1.1.81.6808.body,10.1.1.48.2833.body
10.1.1.28.7960.body,10.1.1.28.999.body
10.1.1.17.9518.body,10.1.1.78.833.body
10.1.1.120.8615.body,10.1.1.120.8540.body
10.1.1.137.8479.body,10.1.1.5.2276.body
10.1.1.193.8693.body,10.1.1.183.9550.body
10.1.1.65.7908.body,10.1.1.155.1422.body
10.1.1.44.2822.body,10.1.1.55.858.body
10.1.1.45.4417.body,10.1.1.11.7636.body
10.1.1.216.8816.body,10.1.1.216.8819.body
10.1.1.14.5163.body,10.1.1.130.3145.body
10.1.1.25.6054.body,10.1.1.41.2580.body
10.1.1.32.7028.body,10.1.1.55.8210.body
10.1.1.139.7591.body,10.1.1.139.9884.body
10.1.1.172.868.body,10.1.1.172.335.body
10.1.1.49.6041.body,10.1.1.134.4609.body
10.1.1.192.1996.body,10.1.1.96.6534.body
10.1.1.53.442.body,10.1.1.57.2784.body
10.1.1.69.7541.body,10.1.1.138.3372.body
10.1.1.21.5977.body,10.1.1.58.6683.body
10.1.1.159.5080.body,10.1.1.149.7097.body
10.1.1.170.8142.body,10.1.1.169.3189.body
10.1.1.16.2219.body,10.1.1.16.493.body
10.1.1.210.1687.body,10.1.1.233.4878.body
10.1.1.86.5219.body,10.1.1.72.8689.body
10.1.1.136.4352.body,10.1.1.121.3292.body
10.1.1.229.2982.body,10.1.1.228.2186.body
10.1.1.40.9196.body,10.1.1.53.689.body
10.1.1.206.1054.body,10.1.1.51.6359.body
10.1.1.212.3815.body,10.1.1.212.1256.body
10.1.1.38.2752.body,10.1.1.89.6320.body
10.1.1.216.7837.body,10.1.1.232.463.body
10.1.1.227.1851.body,10.1.1.112.816.body